insert into employee(id, name, username, password, create_date, modification_date, version)
values (1, 'admin', 'admin', '827ccb0eea8a706c4c34a16891f84e7b', current_date, current_date, 1),
       (2, '监理测试', 'test2','827ccb0eea8a706c4c34a16891f84e7b', current_date, current_date, 1),
       (3, '监理测试', 'test3','827ccb0eea8a706c4c34a16891f84e7b', current_date, current_date, 1);

insert into department(id, create_date, description, modification_date, name, version,
                       superior_department_id)
values (1, current_date, 'department', null, '总裁办', 1, null),
       (2, current_date, 'department1', null, '人力资源', 1, 1),
       (3, current_date, 'department2', null, '质管部', 1, 1);

insert into department_position(id, create_date, description, modification_date, name,rank, status, version,department_id)
values (1, current_date, '总经理', null, '总经理', 1, true, 1, 1),
       (2, current_date, '副总经理', null, '副总经理', 2, true, 1, 1),
       (3, current_date, '挂名总经理', null, '挂名总经理',3, true, 1, 1),
       (4, current_date, '人力资源总监', null, '人力总监',3, true, 1, 2),
       (5, current_date, '人力资源', null, '人力干部', 4,true, 1, 2),
       (6, current_date, '质管部', null, '质管总监',3, true, 1, 3),
       (7, current_date, '质管部', null, '质管干部', 4,true, 1, 3);

insert into employee_status(id, create_date, description, modification_date, name, status, version)
values (1, current_date, '在职', null, '在职', true, 1),
        (2, current_date, '离职', null, '离职', true, 1);

insert into check_status(id, status)
value (1, '未审核'),
       (2, '已审核');
update employee
set department_id=1
where id = 1;

update employee set department_position_id=1 where id = 1;

insert into posting_system(id, content, create_date, effect_date, expire_date, modification_date, name, version,announcer_id)
values (1, '公告内容1',current_date, '2019-04-08 22:15:30', '2019-05-30 22:15:44', current_date, '公告1', 1,1),
       (2, '公告内容2',current_date, '2019-04-01 22:15:49', '2019-05-25 22:15:59', current_date, '公告2', 1,1),
       (3, '公告内容3',current_date, '2019-04-26 22:16:29', '2019-05-29 22:16:40', current_date, '公告3', 1,1);

insert into role(id, create_date, description, modification_date, name, superior_role_id, version)
values (1, current_date, '管理员', current_date, 'admin', null, 1);

insert into employee_role(employees_id, roles_id)
values (1, 1),
       (2, 1),
       (3, 1);

replace into menu(id, create_date, modification_date, name, url, sort, remark, status, root_menu, version,
                  parent_menu_id)
values (1, current_date, null, '公共功能', null, 2, null, true, true, 1, null),
       (2, current_date, null, '用户管理', '/employee/listEmployeePage/pageSize/{pageSize}/pageNo/{pageNo}', 1, '', true, false, 1, 1),
       (4, current_date, null, '菜单管理', '/menu/listMenuPage/pageNo/{pageNo}/pageSize/{pageSize}', 1, '', true, false, 1, 1),
       (5, current_date, null, '部门管理', '/department/listDepartmentPage/pageSize/{pageSize}/pageNo/{pageNo}', 1, null, true, false, 1, 1),
       (6, current_date, null, '公告管理', '/posting/listPostingPage/pageNo/{pageNo}/pageSize/{pageSize}', 1, null, true, false, 1, 1),
       (7, current_date, null, '工作成果', null, 2, null, true, true,1, null),
       (8, current_date, null, '角色管理', '/role/listRolePage/pageNo/{pageNo}/pageSize/{pageSize}', 1, null, true, false, 1, 1),
       (10, current_date, null, '工作管理', null, 2, null, true, true,1, null),
       (11, current_date, null, '项目管理', '/project/listProjectPage/pageNo/{pageNo}/pageSize/{pageSize}', 1, '', true, false, 1, 10),
       (12, current_date, null, '监理部管理', '/projectSupervisionDepartment/listProjectSupervisionDepartmentPage/pageNo/{pageNo}/pageSize/{pageSize}', 1, '', true, false, 1, 10),
       (13, current_date, null, '知识库管理', '/fileFolder/listAllFileFolder', 1, '', true, false, 1, 10),
       (14, current_date, null, '数据备份', '/dataBackup', 1, '', true, false, 1, 10),
       (15, current_date, null, '文档库管理', '/documentFolder/listDocumentFolderPage/pageNo/{pageNo}/pageSize/{pageSize}', 1, '', true, false, 1, 7),
       (16, current_date, null, '影像资料管理', '/pictureFolder/listPicFolderPage/pageNo/{pageNo}/pageSize/{pageSize}', 1, '', true, false, 1, 7),
       (17, current_date, null, '监理日志', '/superLogJob/listSupervisionLogByPage', 1, '', true, false, 1, 7),
       (18, current_date, null, '学习考试', '', 1, '', true, false, 1, 7),
       (19, current_date, null, '监理台账', '/accountRecord/listAccRecordsByTitle', 1, '', true, false, 1, 7),
       (20, current_date, null, '工作过程', null, 2, null, true, true,1, null),
       (21, current_date, null, '进场验收', '/siteAcceptance/listSiteAcceptsByDepart', 1, '', true, false, 1, 20),
       (22, current_date, null, '监理会议', '/conference/listConferencePage/pageSize/{pageSize}/pageNo/{pageNo}', 1, '', true, false, 1, 20),
       (23, current_date, null, '文件审核', '/documentAudit/listDocumentAuditsByDepart', 1, '', true, false, 1, 20),
       (24, current_date, null, '见证取样', '/witnessSampling/listWitnessSamplingByDepartment', 1, '', true, false, 1, 20),
       (25, current_date, null, '旁站', '/sideStation/listSideStation/pageNo/{pageNo}/pageSize/{pageSize}', 1, '', true, false, 1, 20),
       (26, current_date, null, '巡视', '/patrol/listPatrolByDepartment', 1, '', true, false, 1, 20),
       (27, current_date, null, '平行检验', '', 1, '', true, false, 1, 20),
       (28, current_date, null, '检查验收', '/checkAcceptance/listCheckAcceptancePage', 1, '', true, false, 1, 20),
       (29, current_date, null, '线上会签', '', 1, '', true, false, 1, 20),
       (30, current_date, null, '统计分析报表', '', 1, '', true, false, 1, 7),
       (31, current_date, null, '学习资料', '/studyMaterial/listStudyMaterial/pageNo/{pageNo}/pageSize/{pageSize}', 1, '', true, false, 1, 18);




insert into role_menu(roles_id, menus_id)
values (1, 1),
       (1, 2),
       (1, 4),
       (1, 5),
       (1, 6),
       (1, 7),
       (1, 8),
       (1, 10),
       (1, 11),
       (1, 12),
       (1, 13),
       (1, 14),
       (1, 15),
       (1, 16),
       (1, 17),
       (1, 18),
       (1, 19),
       (1, 20),
       (1, 21),
       (1, 22),
       (1, 23),
       (1, 24),
       (1, 25),
       (1, 26),
       (1, 27),
       (1, 28),
       (1, 29),
       (1, 30),
       (1, 31);



insert into operation(id, button_id, button_url, create_time, modification_time, version)
values (1, 'primary', '/menu/listMenu', current_date, current_date, 1),
       (2, 'primary', '/employee/getCurrentUser', current_date, current_date, 1),
       (3, 'addBtn', '/menu/addOrEditMenu', current_date, current_date, 1),
       (4, 'addBtnOk', '/menu/saveMenu', current_date, current_date, 1),
       (5, 'delBtn', '/menu/delete/menuId/{menuId}', current_date, current_date, 1),
       (6, 'batchDel', '/menu/batch/delete', current_date, current_date, 1),
       (7, 'editBtn', '/project/saveProject', current_date, current_date, 1),
       (8, 'editBtn', '/posting/savePosting', current_date, current_date, 1),
       (9, 'delBtn', '/posting/delete/postingId/{postingId}', current_date, current_date, 1),
       (10, 'batchDel', '/posting/delPostingBatch', current_date, current_date, 1),
       (11, 'editBtn', '/department/edit', current_date, current_date, 1),
       (12, 'saveBtn', '/department/saveOrUpdate', current_date, current_date, 1),
       (13, 'delBtn', '/department/delDepartmentBatch', current_date, current_date, 1),
       (14, 'addBtn', '/employee/addOrEditEmployee', current_date, current_date, 1),
       (15, 'addBtnOk', '/employee/saveEmployee', current_date, current_date, 1),
       (16, 'editBtn', '/employee/addOrEditEmployee', current_date, current_date, 1),
       (17, 'delBtn', '/employee/delete/employeeId/{employeeId}', current_date, current_date, 1),
       (18, 'batchDel', '/employee/batch/delete', current_date, current_date, 1),
       (19, 'addBtn', '/resource/addOrEditEmployee', current_date, current_date, 1),
       (20, 'editBtn', '/resource/delete/employeeId/{employeeId}', current_date, current_date, 1),
       (21, 'delBtn', '/resource/batch/delete', current_date, current_date, 1),
       (22, 'page', '/departmentPosition/listAllDepartmentPositions', current_date, current_date, 1),
       (23, 'page', '/employeeStatus/listAllEmployeeStatus', current_date, current_date, 1),
       (24, 'addBtn', '/role/saveRoleMenus', current_date, current_date, 1),
       (25, 'editBtn', '/role/editRole', current_date, current_date, 1),
       (26, 'delBtn', '/role/delete/roleId/{roleId}', current_date, current_date, 1),
       (27, 'addBtnOk', '/role/saveRole', current_date, current_date, 1),
       (28, 'page', '/department/listAllDepartment', current_date, current_date, 1),
       (29, 'showMenus', '/menu/listMenuTree', current_date, current_date, 1),
       (30, 'showRoles', '/role/listAllRoles', current_date, current_date, 1),
       (31, 'page', '/department/listAllDepartment', current_date, current_date, 1),
       (32, 'page', '/attachment/upload', current_date, current_date, 1),
       (33, 'page', '/attachment/deleteAttachment', current_date, current_date, 1),
       (34, 'page', '/menu/listAllMenus', current_date, current_date, 1),
       (35, 'getCurrentUser', '/employee/getCurrentUser', current_date, current_date, 1),
       (36, 'delBtn', '/project/delete/projectId/{projectId}', current_date, current_date, 1),
       (37, 'batchDel', '/project/delProjectBatch', current_date, current_date, 1),
       (38, 'saveOrAddSupervisionDepartment', '/projectSupervisionDepartment/saveProjectSupervisionDepartment', current_date, current_date, 1),
       (39, 'delSupervisionDepartment', '/projectSupervisionDepartment/delete/projectSupervisionDpId/{projectSupervisionDpId}', current_date, current_date, 1),
       (40, 'delSupervisionDepartments', '/projectSupervisionDepartment/delProjectSupervisionDpBatch', current_date, current_date, 1),
       (41, 'getEmployeeList', '/employee/listAllEmployees', current_date, current_date, 1),
       (42, 'getProjectList', '/project/listAllProjects', current_date, current_date, 1),
       (43, 'page', '/projectStatus/listAllProjectStatus', current_date, current_date, 1),
       (44, 'primary', '/posting/listExpPostingPage', current_date, current_date, 1),
       (45, 'primary', '/posting/announcementDetail/postingId/{postingId}', current_date, current_date, 1),
       (46, 'editBtn', '/fileFolder/addOrEditFileFolder', current_date, current_date, 1),
       (47, 'addBtnOk', '/fileFolder/saveFileFolder', current_date, current_date, 1),
       (48, 'delBtn', '/fileFolder/delete/fileFolder/{fileFolderId}', current_date, current_date, 1),
       (49, 'batchDelBtn', '/fileFolder/batch/delete', current_date, current_date, 1),
       (50, 'primary', '/knowledge/findKnowledgeByFileFolder', current_date, current_date, 1),
       (51, 'findProjectsByProjectSupervisionDepartmentIsNull', '/project/listProjectsSupervisionDpIsNull', current_date, current_date, 1),
       (52, 'primary', '/attachment/download', current_date, current_date, 1),
       (53, 'page', '/getDataBackupList', current_date, current_date, 1),
       (54, 'editBtn', '/documentFolder/saveDocumentFolder', current_date, current_date, 1),
       (55, 'delBtn', '/documentFolder/delete/documentFolderId/{documentFolderId}', current_date, current_date, 1),
       (56, 'primary', '/document/listDocumentByFolderPage/documentFolderId/{documentFolderId}/pageNo/{pageNo}/pageSize/{pageSize}', current_date, current_date, 1),
       (57, 'primary', '/document/download', current_date, current_date, 1),
       (58, 'primary', '/pictureFolder/savePictureFolder', current_date, current_date, 1),
       (59, 'primary', '/pictureFolder/delete/pictureFolder/{pictureFolderId}', current_date, current_date, 1),
       (60, 'test', '/superLogJob/addSupLogForTest', current_date, current_date, 1),
       (61, 'addBtn', '/knowledge/uploadKnowledge', current_date, current_date, 1),
       (62, 'editBtn', '/knowledge/saveKnowledge', current_date, current_date, 1),
       (63, 'delBtn', '/knowledge/delete/knowledge/{knowledgeId}', current_date, current_date, 1),
       (64, 'batchDelBtn', '/knowledge/batch/delete', current_date, current_date, 1),
       (65, 'primary', '/knowledge/findKnowledgeByFileNameAndFolder', current_date, current_date, 1),
       (66, 'downloadBtn', '/knowledge/downloadKnowledge', current_date, current_date, 1),
       (67, 'primary', '/knowledge/findKnowledgeByFileName', current_date, current_date, 1),
       (68, 'primary', '/fileFolder/findFileFolderByName', current_date, current_date, 1),
       (80, 'test', '/superLogJob/addSupLogForTest', current_date, current_date, 1),
       (81, 'page', '/superLogJob/listAllSupEmployees',current_date,current_date,1),
       (82, 'delbtn','/superLogJob/deleteSupLogById', current_date, current_date,1),
       (83, 'page','/superLogJob/listSuperLogRecordByPage', current_date, current_date,1),
       (84, 'delbtn','/superLogJob/deleteSupLogRecordById', current_date, current_date,1),
       (85, 'delBtn', '/document/delete/documentId/{documentId}', current_date, current_date, 1),
       (86, 'primary', '/documentCategory/listAllDocumentCategories', current_date, current_date, 1),
       (87, 'editBtn','/witnessSampling/saveWitnessSampling', current_date, current_date,1),
       (88, 'delBtn','/witnessSampling/deleteWitnessSamplingById', current_date, current_date,1),
       (89, 'editBtn','/patrol/savePatrol', current_date, current_date,1),
       (90, 'addBtn','/siteAcceptance/saveSiteAcceptance', current_date, current_date,1),
       (91, 'page','/siteAcceptance/listAllProjects', current_date, current_date,1),
       (92, 'page','/siteAcceptance/listAllEmployees', current_date, current_date,1),
       (93, 'delBtn','/siteAcceptance/deleteSiteAcceptanceById', current_date, current_date,1),
       (94, 'download', '/document/uploadDocument', current_date, current_date, 1),
       (95, 'addBtn', '/documentAudit/saveDocumentAudit', current_date, current_date, 1),
       (96, 'page', '/documentAudit/listAllProjects', current_date,current_date,1),
       (97, 'page', '/documentAudit/listAllFolders', current_date,current_date,1),
       (98, 'page', '/documentAudit/listAllCategorys', current_date,current_date,1),
       (99, 'delBtn', '/documentAudit/deleteDocAuditById', current_date,current_date,1),
       (100, 'addorEditBtn','/conference/saveConference', current_date, current_date,1),
       (101, 'delBtn','/conference/delete/conferenceId/{conferenceId}', current_date, current_date,1),
       (102, 'primary', '/conference/listAllEmployees', current_date, current_date, 1),
       (103, 'primary', '/conference/listAllConferenceSummary', current_date, current_date, 1),
       (104, 'addOrEditBtn', '/checkAcceptance/saveCheckAcceptance', current_date, current_date, 1),
       (105, 'delBtn', '/checkAcceptance/delete/checkAcceptanceId/{checkAcceptanceId}', current_date, current_date, 1),
       (106, 'primary', '/checkAcceptance/listAllEmployees', current_date, current_date, 1),
       (107, 'primary', '/checkAcceptance/listAllProjects', current_date, current_date, 1),
       (108, 'primary', '/patrol/listAllProjects', current_date, current_date, 1),
       (110, 'delBtn','/patrol/deletePatrolById', current_date, current_date,1),
       (111, 'primary','/checkStatus/listAllCheckStatus',current_date, current_date,1),
       (120, 'delBtn','/documentAudit/deleteDocById', current_date, current_date,1),
       (121, 'download','/documentAudit/downloadDoc', current_date, current_date,1),
       (122, 'download','/studyMaterial/downloadStudyMaterialAttachment', current_date, current_date,1),
       (123, 'upload','/studyMaterial/uploadStudyMaterialAttachment', current_date, current_date,1),
       (124, 'delAttBtn','/studyMaterial/deleteStudyMaterialAttachment', current_date, current_date,1),
       (125, 'editBtn','/studyMaterial/saveStudyMaterial', current_date, current_date,1),
       (126, 'delBtn','/studyMaterial/delete/studyMaterialId/{studyMaterialId}', current_date, current_date,1),
       (130, 'primary','/sideStation/saveSideStation',current_date, current_date,1),
       (131, 'delBtn', '/sideStation/deleteSideStationById',current_date ,current_date ,1);

insert into role_operation(roles_id, operations_id)
values (1, 1),
       (1, 2),
       (1, 3),
       (1, 4),
       (1, 5),
       (1, 6),
       (1, 7),
       (1, 8),
       (1, 9),
       (1, 10),
       (1, 11),
       (1, 12),
       (1, 13),
       (1, 14),
       (1, 15),
       (1, 16),
       (1, 17),
       (1, 18),
       (1, 19),
       (1, 20),
       (1, 21),
       (1, 22),
       (1, 23),
       (1, 24),
       (1, 25),
       (1, 26),
       (1, 27),
       (1, 28),
       (1, 29),
       (1, 30),
       (1, 31),
       (1, 32),
       (1, 33),
       (1, 34),
       (1, 35),
       (1, 36),
       (1, 37),
       (1, 38),
       (1, 39),
       (1, 40),
       (1, 41),
       (1, 42),
       (1 ,43),
       (1, 44),
       (1, 45),
       (1, 46),
       (1, 47),
       (1, 48),
       (1, 49),
       (1, 50),
       (1, 51),
       (1, 52),
       (1, 53),
       (1, 54),
       (1, 55),
       (1, 56),
       (1, 57),
       (1, 58),
       (1, 59),
       (1, 60),
       (1, 61),
       (1, 62),
       (1, 63),
       (1, 64),
       (1, 65),
       (1, 66),
       (1, 67),
       (1, 68),
       (1, 80),
       (1, 81),
       (1, 82),
       (1, 83),
       (1, 84),
       (1, 85),
       (1, 86),
       (1, 87),
       (1, 88),
       (1, 89),
       (1, 90),
       (1, 91),
       (1, 92),
       (1, 93),
       (1, 94),
       (1, 95),
       (1, 96),
       (1, 97),
       (1, 98),
       (1, 99),
       (1, 100),
       (1, 101),
       (1, 102),
       (1, 103),
       (1, 104),
       (1, 105),
       (1, 106),
       (1, 107),
       (1, 108),
       (1, 110),
       (1, 111),
       (1, 120),
       (1, 121),
       (1, 122),
       (1, 123),
       (1, 124),
       (1, 125),
       (1, 126),
       (1, 130),
       (1, 131);

insert into menu_operation(menu_id, operation_id)
values (2, 1),
       (4, 3),
       (4, 4),
       (4, 6),
       (11, 7),
       (6, 8),
       (6, 32),
       (6, 33),
       (6, 9),
       (6, 10),
       (5, 11),
       (5, 12),
       (5, 13),
       (5, 31),
       (2, 14),
       (2, 15),
       (2, 16),
       (2, 17),
       (2, 18),
       (2, 22),
       (2, 23),
       (2, 28),
       (2, 30),
       (2, 35),
       (8, 24),
       (8, 25),
       (8, 26),
       (8, 27),
       (8, 29),
       (11, 36),
       (11, 37),
       (11, 41),
       (11, 43),
       (13, 46),
       (13, 47),
       (13, 48),
       (13, 49),
       (13, 50),
       (13, 61),
       (13, 62),
       (13, 63),
       (13, 64),
       (13, 65),
       (13, 67),
       (13, 68),
       (14, 53),
       (15, 54),
       (15, 55),
       (17, 60),
       (17, 80),
       (17, 81),
       (17, 82),
       (17, 83),
       (17, 84),
       (15, 85),
       (24, 87),
       (24, 88),
       (21, 90),
       (21, 91),
       (21, 92),
       (21, 93),
       (22, 100),
       (22, 101),
       (22, 102),
       (22, 103),
       (23, 94),
       (23, 95),
       (23, 96),
       (23, 97),
       (23, 98),
       (23, 99),
       (23, 120),
       (23, 121),
       (24, 89),
       (24, 108),
       (24, 110),
       (28, 104),
       (28, 105),
       (28, 106),
       (28, 107),
       (31, 122),
       (31, 123),
       (31, 124),
       (31, 125),
       (31, 126);

insert  into document_category(id, create_date, name, remark, version)
values (1, current_date, '类别1', '',1),
       (2, current_date, '类别2', '',1);
insert into document_folder(id, create_date, description, name, version)
values (1, create_date, '文件夹1', '文件夹1', 1),
       (2, create_date, '文件夹2', '文件夹2', 1);

insert into file_folder(id, create_date, description, name, remark, status, version)
values (1, create_date, '文件夹1', '文件夹1','',true,1),
       (2, create_date, '文件夹2', '文件夹2','',true, 1);
insert into file_category(id, create_date, name, remark, status, version)
values (1, create_date,  'docx','',true,1),
       (2, create_date, 'txt','',true, 1);
insert into project_status(id, name, remark, version)
VALUES (1, '在建' , '' ,1),
       (2, '竣工', '',1);
insert into project(id, construction, create_date, development, modification_date, name, no, section, version, manager_id, project_status_id)
values (1, '测试1',current_date, 'develop1', null,'项目1', '01', '',1,1,1),
       (2, '测试2',current_date, 'develop2', null,'项目2', '02', '',1,1,2);

insert into account_category(id, name, version)
values (1, '监理会议', 0),
       (2, '文件审核', 0),
       (3, '进场验收', 0),
       (4, '见证取样', 0),
       (5, '旁站', 0),
       (6, '巡视', 0),
       (7, '平行检验', 0),
       (8, '检查验收', 0),
       (9, '线上会签', 0);
insert into document(id, create_date, document_name, document_url, version, document_category_id, document_folder_id, uploader_id)
value (1,current_date,'test file name','132123123',1,1,1,1);

insert into project_supervision_department(id, create_date, description, modification_date, name, remark, version, major_id, project_id)
value (1,current_date,'项目监理部1',null,'项目监理部1',null,1,1,1);

update hibernate_sequence
set next_val=100
where 1 = 1;

